{
    "params": {
        "host_set": "localhost",
        "launch_by_daemon": false,
        "version": "3.2",
        "top": "/home/bowling/cephfs-bench/testdir",
        "operation": "create",
        "files_per_thread": 1000,
        "threads": 4,
        "file_size": 4,
        "file_size_distr": -1,
        "files_per_dir": 100,
        "share_dir": "N",
        "fname_prefix": "",
        "fname_suffix": "",
        "hash_to_dir": "N",
        "fsync_after_modify": "N",
        "pause_between_files": "0.0",
        "auto_pause": "False",
        "cleanup_delay_usec_per_file": "0",
        "finish_all_requests": "Y",
        "stonewall": "Y",
        "verify_read": "Y",
        "xattr_size": "0",
        "xattr_count": "0",
        "permute_host_dirs": "N",
        "network_sync_dir": "/home/bowling/cephfs-bench/testdir/network_shared",
        "min_directories_per_sec": 50,
        "total_hosts": 1,
        "startup_timeout": 4,
        "host_timeout": 4
    },
    "results": {
        "elapsed": 0.9639248847961426,
        "files": 4000,
        "records": 4000,
        "filesPerSec": 4154.167027834694,
        "IOPS": 4154.167027834694,
        "MiBps": 16.227214952479272,
        "thread": {
            "00": {
                "elapsed": 0.9617938995361328,
                "files": 1000,
                "records": 1000,
                "filesPerSec": 1039.723791637994,
                "IOPS": 1039.723791637994,
                "MiBps": 4.061421061085914
            },
            "01": {
                "elapsed": 0.9639248847961426,
                "files": 1000,
                "records": 1000,
                "filesPerSec": 1037.4252348630741,
                "IOPS": 1037.4252348630741,
                "MiBps": 4.052442323683883
            },
            "02": {
                "elapsed": 0.96354079246521,
                "files": 1000,
                "records": 1000,
                "filesPerSec": 1037.8387794475307,
                "IOPS": 1037.8387794475307,
                "MiBps": 4.054057732216917
            },
            "03": {
                "elapsed": 0.9622979164123535,
                "files": 1000,
                "records": 1000,
                "filesPerSec": 1039.179221886095,
                "IOPS": 1039.179221886095,
                "MiBps": 4.059293835492559
            }
        },
        "totalhreads": 4,
        "totalDataGB": 0.0152587890625,
        "pctFilesDone": 100.0,
        "startTime": 1771488610.405212,
        "status": "Success",
        "date": "2026-02-19T08:10:10.000Z"
    }
}
